Clade,NMaxJuv,MeanR,Slope,MeanBodyMass
VolesMice,250,4.83628190695148,3.34542143792338,1184.52941176471
Amphibians,160,4.39444915467244,2.38753607124765,37.6666666666667
Shrews,30,2.77258872223978,2.23473454162864,129
Birds,15,2.14006616349627,2.1767322904248,288.179104477612
Reptiles,30,2.77258872223978,1.9481744572143,41
Fish,NA,4.05,1.91543257098669,7.9
